[단독]정민씨 父 "친구가족, 아이 안찾고 CCTV 있나 확인"
구미 친모, 혼외관계 진술 확보..'홀로 출산' 앱 삭제 흔적도
"정민이 누워있고, 친구는.." 추가 목격자가 직접 찍은 사진
딸 유치원 보내던 엄마 스쿨존서 참변..운전자 3일전 눈수술(종합2보)
늘어나는 목격자..정민씨 父 "친구 발언과 차이있다"
새 목격자, 손정민 사진 찍은 이유? '친구, 도둑인 줄'
"누워있는 정민씨 옆 친구.." 사진 공개한 목격자
정부 "7월부터 새 거리두기 적용.. 5인 모임도 논의 중"
"누워있는 정민과 바라보던 친구" 목격자, 직접 찍은 사진 공개했다(종합)
"구미 친모, 남편 아닌 다른 남성과 성관계 진술 확보"
13층 건물 순식간에 폭삭..로켓포 공격에 이스라엘 '피의 복수' [영상]
여군 가슴에 전동 드릴 돌린 상관.. 황당한 1심 판결
광주서 화이자 백신 2차 접종 한 80대 숨져..전국 첫 사례(종합)
"신호대기 車에 돌 던지고 사이드미러 발차기..미친 X에 봉변"[영상]
인천 노래주점서 손님 살해된 그 날..업주의 수상한 행동들(종합)
"빨간 날 없는 거 실화냐" 사라진 휴일 돌려받을 순 없나요 
[영상] 목격자 "친구가 갑자기 물건 챙겨..손정민 옆에 다시 누웠다"
"자기 밭에 양파·배추 껍질 퇴비로 줘도 법 위반?"
아내 죽고, 코흘리개 자녀 코로나 확진..한 가정의 코로나 비극
"카페인, 이렇게 많았어?" 쓴 맛 덜해 자주마셨던 이 커피[식탐]
"남친이랑 관계했어? 마지막은 언제?..애 낳아야지" 의사의 황당 진찰
기관총에 저격수까지 동원해 시민 사살..5·18 계엄군의 민낯
AZ백신 맞은 30대 경찰관 이상 증세..'뇌출혈 소견'
무디스 "한국, 'Aa' 타국가들 비해 재정건전성 악화 크지 않다"
모두 도망칠 때, 큰 상어는 허리케인 길목에 모인다
무서운 포항 소녀들..'조건만남 거부' 또래 여중생, 5명이 집단폭행
文대통령 사저 '찬반논쟁' 일단락..양산 하북 주민들 반대 철회
"감당 어려운 상실감"..내장사 대웅전 방화한 승려 징역 5년(종합)
목격자 "친구, 핸폰 하며 누워있는 정민씨 주머니 뒤적거려"
대통령 사저 건립 주민반발 일단락..비대위 "단체행동 중단"
대학생 실종 당시 목격자 추가.."친구 일어났다가 다시 누워"
[단독]'40대 피살' 노래방 업주 체포..화장실서 결정적 증거
"2시간 무료주차랬는데..산책하고 왔더니 주차비 내라네요"
공매도 표적된 三電 '7만전자' 위기..하이닉스도 올들어 최저
[오태훈의 시사본부] 정세균 "윤석열은 문재인 정부의 검찰 총장..그냥 수사 잘하는 검사일 뿐, 정치적 능력은 국민이 판단할 문제"·"태풍은 예고 없이 다가와..지지율 역전 언제든 가능"
"집값 10%만 있으면 분양가격으로 구매" 송영길의 '누구나 집' 프로젝트 [TF사진관]
'이혼' 빌게이츠 어디서 뭐할까.."美초호화 골프클럽서 칩거"
北이 내놓은 '김정은 화보집'..文대통령 사진만 잘랐다
노래방 갔다가 사라진 손님..경찰 "주인이 살해했다"
김기현 "文, 장관 인사 강행..내로남불만큼은 일관성 있어"
[단독] "故손정민씨 일행 기억"..추가 목격자 인터뷰
행복한 연애를 위한 간단한 습관 4가지
"한국 주식 많이 올라 차익실현"..외국인 이틀연속 '2조 매도'
나트륨이 원인이다?..한국인이 걸리기 쉬운 4대 질환
칠곡할매글꼴 한컴오피스에 정식으로 탑재
'외인 2조 팔자' 코스피 2% 급락 3140선..三電 '7만전자' 추락 위기
명품 보석 티파니((Tiffany&Co), 빛 바랜 영업이익..52% 감소
송영길 "무주택자 LTV 90% 가능..재산·양도세 조정도 시급"
손정민씨 친구 휴대폰, 떠내려가긴 어렵다는데..한강에 있긴 할까
냄새 잘 못 맡는 노인, 알고 보니 '이 질환'의 위험 신호?
